{
  "batch_size": 32,
  "d_layers": 2,
  "d_model": 256,
  "e_layers": 4,
  "label_seq_len_ratio": 0.75,
  "learning_rate": 0.006661343658894234,
  "linlin_weight": 0.15000000000000002,
  "n_heads": 8,
  "seq_len": 84,
  "train_epochs": 6
}