{
  "batch_size": 32,
  "d_layers": 3,
  "d_model": 128,
  "e_layers": 5,
  "label_seq_len_ratio": 0.625,
  "learning_rate": 0.007408942359009321,
  "linlin_weight": 0.24000000000000002,
  "n_heads": 24,
  "seq_len": 84,
  "train_epochs": 13
}