{
  "batch_size": 4,
  "d_layers": 1,
  "d_model": 512,
  "e_layers": 2,
  "label_seq_len_ratio": 0.7000000000000001,
  "learning_rate": 0.00017582811874848793,
  "linex_weight": 2.63,
  "n_heads": 8,
  "seq_len": 70,
  "train_epochs": 12
}