{
  "batch_size": 4,
  "d_layers": 1,
  "d_model": 256,
  "e_layers": 6,
  "label_seq_len_ratio": 0.47500000000000003,
  "learning_rate": 0.00010665354619410729,
  "linex_weight": 1.925,
  "n_heads": 8,
  "seq_len": 56,
  "train_epochs": 6
}