{
  "batch_size": 4,
  "d_layers": 2,
  "d_model": 256,
  "e_layers": 3,
  "label_seq_len_ratio": 0.47500000000000003,
  "learning_rate": 0.0002842923711385308,
  "linex_weight": 2.88,
  "n_heads": 8,
  "seq_len": 84,
  "train_epochs": 7
}