{
  "batch_size": 8,
  "d_layers": 1,
  "d_model": 128,
  "e_layers": 4,
  "label_seq_len_ratio": 0.75,
  "learning_rate": 0.0003323134708863028,
  "linlin_weight": 0.22500000000000003,
  "n_heads": 8,
  "seq_len": 84,
  "train_epochs": 8
}