{
  "batch_size": 8,
  "d_layers": 3,
  "d_model": 256,
  "e_layers": 5,
  "label_seq_len_ratio": 0.7250000000000001,
  "learning_rate": 0.0013264682447716955,
  "linlin_weight": 0.05,
  "n_heads": 12,
  "seq_len": 56,
  "train_epochs": 6
}