{
  "batch_size": 4,
  "d_layers": 3,
  "d_model": 1024,
  "e_layers": 3,
  "label_seq_len_ratio": 0.6000000000000001,
  "learning_rate": 0.0020292402938002986,
  "n_heads": 16,
  "seq_len": 56,
  "train_epochs": 13,
  "wrmse_weight": 1.0
}