{
  "batch_size": 8,
  "d_layers": 3,
  "d_model": 512,
  "e_layers": 5,
  "label_seq_len_ratio": 0.8,
  "learning_rate": 0.001601244592812061,
  "linlin_weight": 0.35000000000000003,
  "n_heads": 24,
  "seq_len": 70,
  "train_epochs": 6
}