{
  "batch_size": 4,
  "d_layers": 1,
  "d_model": 128,
  "e_layers": 5,
  "label_seq_len_ratio": 0.6000000000000001,
  "learning_rate": 0.0005782285218639371,
  "n_heads": 16,
  "seq_len": 56,
  "train_epochs": 6,
  "w_rmse_weight": 1.2
}