{
  "batch_size": 8,
  "d_layers": 3,
  "d_model": 256,
  "e_layers": 4,
  "label_seq_len_ratio": 0.47500000000000003,
  "learning_rate": 0.000398469568501385,
  "linlin_weight": 0.05,
  "n_heads": 16,
  "seq_len": 112,
  "train_epochs": 12
}