{
  "batch_size": 16,
  "d_layers": 3,
  "d_model": 128,
  "e_layers": 6,
  "label_seq_len_ratio": 0.5750000000000001,
  "learning_rate": 0.001336431145848168,
  "n_heads": 8,
  "seq_len": 56,
  "train_epochs": 12
}