{
  "batch_size": 32,
  "d_layers": 2,
  "d_model": 512,
  "e_layers": 6,
  "label_seq_len_ratio": 0.5750000000000001,
  "learning_rate": 0.00013493243057352588,
  "n_heads": 8,
  "seq_len": 56,
  "train_epochs": 8
}