{
  "batch_size": 4,
  "d_layers": 3,
  "d_model": 128,
  "e_layers": 2,
  "label_seq_len_ratio": 0.7000000000000001,
  "learning_rate": 0.00013580845886586285,
  "n_heads": 16,
  "seq_len": 98,
  "train_epochs": 6,
  "wrmse_weight": 1.0
}