{
  "batch_size": 8,
  "d_layers": 2,
  "d_model": 128,
  "e_layers": 4,
  "label_seq_len_ratio": 0.4,
  "learning_rate": 2.5600157416940826e-05,
  "linlin_weight": 0.35000000000000003,
  "n_heads": 12,
  "seq_len": 56,
  "train_epochs": 9
}