{
  "batch_size": 16,
  "d_layers": 1,
  "d_model": 128,
  "e_layers": 3,
  "label_seq_len_ratio": 0.5750000000000001,
  "learning_rate": 0.0036274196338024946,
  "linex_weight": 2.79,
  "n_heads": 4,
  "seq_len": 56,
  "train_epochs": 13
}