{
  "batch_size": 4,
  "d_layers": 1,
  "d_model": 256,
  "e_layers": 4,
  "label_seq_len_ratio": 0.5750000000000001,
  "learning_rate": 0.006590645799361485,
  "linlin_weight": 0.05,
  "n_heads": 24,
  "seq_len": 112,
  "train_epochs": 13
}