{
  "batch_size": 8,
  "d_layers": 1,
  "d_model": 256,
  "e_layers": 4,
  "label_seq_len_ratio": 0.47500000000000003,
  "learning_rate": 0.0006352115353139779,
  "n_heads": 8,
  "seq_len": 56,
  "train_epochs": 8
}