{
  "batch_size": 8,
  "d_layers": 3,
  "d_model": 128,
  "e_layers": 5,
  "label_seq_len_ratio": 0.42500000000000004,
  "learning_rate": 0.007931586518613563,
  "linlin_weight": 0.05,
  "n_heads": 12,
  "seq_len": 56,
  "train_epochs": 6
}