{
  "batch_size": 16,
  "d_layers": 3,
  "d_model": 256,
  "e_layers": 2,
  "label_seq_len_ratio": 0.7000000000000001,
  "learning_rate": 0.009927351530624004,
  "n_heads": 24,
  "seq_len": 70,
  "train_epochs": 10
}