{
  "batch_size": 4,
  "d_layers": 1,
  "d_model": 128,
  "e_layers": 2,
  "label_seq_len_ratio": 0.47500000000000003,
  "learning_rate": 0.00027117289022513344,
  "n_heads": 12,
  "seq_len": 56,
  "train_epochs": 7,
  "wrmse_weight": 1.3
}