{
  "batch_size": 4,
  "d_layers": 1,
  "d_model": 256,
  "e_layers": 3,
  "label_seq_len_ratio": 0.5750000000000001,
  "learning_rate": 0.00014245559152865054,
  "linex_weight": 0.871,
  "n_heads": 4,
  "seq_len": 84,
  "train_epochs": 11
}