{
  "batch_size": 4,
  "d_layers": 1,
  "d_model": 256,
  "e_layers": 2,
  "label_seq_len_ratio": 0.65,
  "learning_rate": 6.38120235767553e-05,
  "linlin_weight": 0.35000000000000003,
  "n_heads": 12,
  "seq_len": 56,
  "train_epochs": 13
}