{
  "batch_size": 4,
  "d_layers": 2,
  "d_model": 256,
  "e_layers": 3,
  "label_seq_len_ratio": 0.5750000000000001,
  "learning_rate": 0.00021539811145269402,
  "linex_weight": 1.583,
  "n_heads": 4,
  "seq_len": 70,
  "train_epochs": 12
}