{
  "batch_size": 4,
  "d_layers": 3,
  "d_model": 128,
  "e_layers": 2,
  "label_seq_len_ratio": 0.7000000000000001,
  "learning_rate": 0.0006298484919938915,
  "n_heads": 16,
  "seq_len": 70,
  "train_epochs": 10,
  "w_rmse_weight": 2.3
}