{
  "batch_size": 32,
  "d_layers": 2,
  "d_model": 512,
  "e_layers": 4,
  "label_seq_len_ratio": 0.6000000000000001,
  "learning_rate": 0.001991874044019176,
  "n_heads": 32,
  "seq_len": 56,
  "train_epochs": 10
}