{
  "batch_size": 16,
  "d_layers": 3,
  "d_model": 256,
  "e_layers": 5,
  "label_seq_len_ratio": 0.7250000000000001,
  "learning_rate": 0.0003877884605016455,
  "linlin_weight": 0.2,
  "n_heads": 4,
  "seq_len": 98,
  "train_epochs": 6
}