{
  "batch_size": 4,
  "d_layers": 1,
  "d_model": 128,
  "e_layers": 2,
  "label_seq_len_ratio": 0.525,
  "learning_rate": 0.0003358542790422831,
  "n_heads": 8,
  "seq_len": 70,
  "train_epochs": 7,
  "w_rmse_weight": 3.3000000000000003
}