{
  "batch_size": 4,
  "d_layers": 3,
  "d_model": 512,
  "e_layers": 2,
  "label_seq_len_ratio": 0.42500000000000004,
  "learning_rate": 0.00010557084546281608,
  "n_heads": 4,
  "seq_len": 70,
  "train_epochs": 6,
  "w_rmse_weight": 1.3
}