{
  "batch_size": 32,
  "d_layers": 1,
  "d_model": 128,
  "e_layers": 2,
  "label_seq_len_ratio": 0.6000000000000001,
  "learning_rate": 0.0018778281514452199,
  "n_heads": 12,
  "seq_len": 56,
  "train_epochs": 9
}