{
  "batch_size": 4,
  "d_layers": 3,
  "d_model": 512,
  "e_layers": 5,
  "label_seq_len_ratio": 0.7250000000000001,
  "learning_rate": 0.00047833041591350064,
  "n_heads": 16,
  "seq_len": 56,
  "train_epochs": 9
}