{
  "batch_size": 4,
  "d_layers": 1,
  "d_model": 256,
  "e_layers": 4,
  "label_seq_len_ratio": 0.4,
  "learning_rate": 0.00022240980347640026,
  "linlin_weight": 0.35000000000000003,
  "n_heads": 8,
  "seq_len": 56,
  "train_epochs": 12
}