{
  "batch_size": 4,
  "d_layers": 1,
  "d_model": 256,
  "e_layers": 4,
  "label_seq_len_ratio": 0.42500000000000004,
  "learning_rate": 0.000516751131606785,
  "n_heads": 4,
  "seq_len": 56,
  "train_epochs": 13,
  "w_rmse_weight": 3.9000000000000004
}