{
  "batch_size": 32,
  "d_layers": 2,
  "d_model": 128,
  "e_layers": 3,
  "label_seq_len_ratio": 0.625,
  "learning_rate": 0.0003937666071429803,
  "linex_weight": 0.29500000000000004,
  "n_heads": 16,
  "seq_len": 112,
  "train_epochs": 9
}