{
  "batch_size": 8,
  "d_layers": 1,
  "d_model": 1024,
  "e_layers": 3,
  "label_seq_len_ratio": 0.42500000000000004,
  "learning_rate": 0.00011970201786898801,
  "linlin_weight": 0.22500000000000003,
  "n_heads": 4,
  "seq_len": 70,
  "train_epochs": 9
}