{
  "batch_size": 4,
  "d_layers": 3,
  "d_model": 128,
  "e_layers": 3,
  "label_seq_len_ratio": 0.7000000000000001,
  "learning_rate": 0.0048789254015259645,
  "linlin_weight": 0.05,
  "n_heads": 4,
  "seq_len": 56,
  "train_epochs": 8
}