{
  "batch_size": 4,
  "d_layers": 1,
  "d_model": 512,
  "e_layers": 2,
  "label_seq_len_ratio": 0.7000000000000001,
  "learning_rate": 0.00014184070015546563,
  "linex_weight": 0.8400000000000001,
  "n_heads": 32,
  "seq_len": 56,
  "train_epochs": 6
}