{
  "batch_size": 32,
  "d_layers": 3,
  "d_model": 256,
  "e_layers": 5,
  "label_seq_len_ratio": 0.6000000000000001,
  "learning_rate": 0.0015070659620806236,
  "linlin_weight": 0.21000000000000002,
  "n_heads": 12,
  "seq_len": 84,
  "train_epochs": 12
}