{
  "batch_size": 8,
  "d_layers": 1,
  "d_model": 128,
  "e_layers": 3,
  "label_seq_len_ratio": 0.525,
  "learning_rate": 0.00025382938346527533,
  "linex_weight": 2.8289999999999997,
  "n_heads": 4,
  "seq_len": 56,
  "train_epochs": 6
}