{
  "batch_size": 4,
  "d_layers": 1,
  "d_model": 128,
  "e_layers": 6,
  "label_seq_len_ratio": 0.6000000000000001,
  "learning_rate": 0.0003783826413882144,
  "linex_weight": 2.77,
  "n_heads": 24,
  "seq_len": 70,
  "train_epochs": 6
}