{
  "batch_size": 4,
  "d_layers": 3,
  "d_model": 256,
  "e_layers": 2,
  "label_seq_len_ratio": 0.42500000000000004,
  "learning_rate": 0.00016944899464685776,
  "n_heads": 4,
  "seq_len": 56,
  "train_epochs": 7,
  "wrmse_weight": 1.4
}