{
  "batch_size": 4,
  "d_layers": 1,
  "d_model": 128,
  "e_layers": 2,
  "label_seq_len_ratio": 0.7000000000000001,
  "learning_rate": 0.00028057381521174116,
  "n_heads": 4,
  "seq_len": 112,
  "train_epochs": 7,
  "wrmse_weight": 2.0
}