{
  "batch_size": 8,
  "d_layers": 3,
  "d_model": 1024,
  "e_layers": 2,
  "label_seq_len_ratio": 0.5750000000000001,
  "learning_rate": 2.784084861474964e-05,
  "n_heads": 12,
  "seq_len": 70,
  "train_epochs": 9
}