{
  "batch_size": 8,
  "d_layers": 1,
  "d_model": 1024,
  "e_layers": 3,
  "label_seq_len_ratio": 0.42500000000000004,
  "learning_rate": 0.0002826614997078641,
  "linex_weight": 2.295,
  "n_heads": 8,
  "seq_len": 56,
  "train_epochs": 13
}