{
  "batch_size": 4,
  "d_layers": 1,
  "d_model": 128,
  "e_layers": 3,
  "label_seq_len_ratio": 0.6000000000000001,
  "learning_rate": 0.0018392533823816469,
  "linex_weight": 2.82,
  "n_heads": 4,
  "seq_len": 56,
  "train_epochs": 13
}