{
  "batch_size": 4,
  "d_layers": 3,
  "d_model": 128,
  "e_layers": 3,
  "label_seq_len_ratio": 0.47500000000000003,
  "learning_rate": 0.00018207542869179877,
  "n_heads": 8,
  "seq_len": 56,
  "train_epochs": 12
}