{
  "batch_size": 4,
  "d_layers": 3,
  "d_model": 256,
  "e_layers": 5,
  "label_seq_len_ratio": 0.7250000000000001,
  "learning_rate": 0.005323791767092276,
  "linlin_weight": 0.22,
  "n_heads": 8,
  "seq_len": 112,
  "train_epochs": 6
}