{
  "batch_size": 4,
  "d_layers": 2,
  "d_model": 256,
  "e_layers": 3,
  "label_seq_len_ratio": 0.7250000000000001,
  "learning_rate": 0.0005895499569331674,
  "n_heads": 16,
  "seq_len": 56,
  "train_epochs": 13
}