{
  "batch_size": 4,
  "d_layers": 1,
  "d_model": 1024,
  "e_layers": 3,
  "label_seq_len_ratio": 0.42500000000000004,
  "learning_rate": 0.0003088666364249917,
  "linlin_weight": 0.05,
  "n_heads": 4,
  "seq_len": 70,
  "train_epochs": 7
}