{
  "batch_size": 4,
  "d_layers": 2,
  "d_model": 128,
  "e_layers": 2,
  "label_seq_len_ratio": 0.42500000000000004,
  "learning_rate": 0.0003463080972957498,
  "n_heads": 16,
  "seq_len": 56,
  "train_epochs": 11,
  "wrmse_weight": 1.0
}