{
  "checkpoints": [
    "{\n  \"stub\": false,\n  \"trainable_name\": \"trainable\",\n  \"trial_id\": \"74d716e2\",\n  \"config\": {\n    \"learning_rate\": 0.00043962648931255584,\n    \"train_epochs\": 13,\n    \"seq_len\": 112,\n    \"label_seq_len_ratio\": 0.45,\n    \"e_layers\": 4,\n    \"d_layers\": 3,\n    \"n_heads\": 8,\n    \"d_model\": 1024,\n    \"batch_size\": 32,\n    \"linex_weight\": 1.685\n  },\n  \"local_dir\": \"C:\\\\codes\\\\srl_informer\\\\ray_tune\\\\tune_SRL_NEG_04_08_17-05-2023_22-22-08\",\n  \"evaluated_params\": {\n    \"learning_rate\": 0.00043962648931255584,\n    \"train_epochs\": 13,\n    \"seq_len\": 112,\n    \"label_seq_len_ratio\": 0.45,\n    \"e_layers\": 4,\n    \"d_layers\": 3,\n    \"n_heads\": 8,\n    \"d_model\": 1024,\n    \"batch_size\": 32,\n    \"linex_weight\": 1.685\n  },\n  \"experiment_tag\": \"1_batch_size=32,d_layers=3,d_model=1024,e_layers=4,label_seq_len_ratio=0.4500,learning_rate=0.0004,linex_weight=1.6850,n_heads=8,seq_len=112,train_epochs=13\",\n  \"location\": {\n    \"_type\": \"CLOUDPICKLE_FALLBACK\",\n    \"value\": \"80059546000000000000008c197261792e74756e652e6578706572696d656e742e747269616c948c095f4c6f636174696f6e9493942981947d94288c08686f73746e616d65944e8c03706964944e75622e\"\n  },\n  \"placement_group_factory\": \"800595aa000000000000008c237261792e74756e652e657865637574696f6e2e706c6163656d656e745f67726f757073948c15506c6163656d656e7447726f7570466163746f72799493942981947d94288c085f62756e646c6573945d947d948c0343505594473ff000000000000073618c155f686561645f62756e646c655f69735f656d70747994898c095f7374726174656779948c045041434b948c055f6172677394298c075f6b7761726773947d9475622e\",\n  \"stopping_criterion\": {\n    \"training_iteration\": 100\n  },\n  \"log_to_file\": [\n    null,\n    null\n  ],\n  \"max_failures\": 0,\n  \"_last_result\": {},\n  \"_default_result_or_future\": null,\n  \"last_update_time\": -Infinity,\n  \"metric_analysis\": {},\n  \"n_steps\": [\n    5,\n    10\n  ],\n  \"metric_n_steps\": {},\n  \"export_formats\": [],\n  \"status\": \"RUNNING\",\n  \"start_time\": 1684354939.2443712,\n  \"relative_logdir\": \"my_prefix_trainable_74d716e2\",\n  \"runner\": null,\n  \"last_debug\": 0,\n  \"error_filename\": null,\n  \"pickled_error_filename\": null,\n  \"trial_name_creator\": null,\n  \"trial_dirname_creator\": {\n    \"_type\": \"CLOUDPICKLE_FALLBACK\",\n    \"value\": \"80059542020000000000008c1b7261792e636c6f75647069636b6c652e636c6f75647069636b6c65948c0d5f6275696c74696e5f747970659493948c0a4c616d6264615479706594859452942868028c08436f6465547970659485945294284b014b004b004b034b044b43431c7c006a007d017c006a017d0264017c019b0064027c029b009d045300944e8c0a6d795f7072656669785f948c015f9487948c0e747261696e61626c655f6e616d65948c08747269616c5f69649486948c05747269616c948c0a747269616c5f6e616d6594680e87948c24433a5c636f6465735c73726c5f696e666f726d65725c6d61696e5f74756e696e672e7079948c186d795f747269616c5f6469726e616d655f63726561746f72944b654306060106011001942929749452947d94288c0b5f5f7061636b6167655f5f944e8c085f5f6e616d655f5f948c085f5f6d61696e5f5f948c085f5f66696c655f5f946813754e4e4e749452948c207261792e636c6f75647069636b6c652e636c6f75647069636b6c655f66617374948c125f66756e6374696f6e5f7365747374617465949394681e7d947d9428681a68148c0c5f5f7175616c6e616d655f5f9468148c0f5f5f616e6e6f746174696f6e735f5f947d948c0e5f5f6b7764656661756c74735f5f944e8c0c5f5f64656661756c74735f5f944e8c0a5f5f6d6f64756c655f5f94681b8c075f5f646f635f5f944e8c0b5f5f636c6f737572655f5f944e8c175f636c6f75647069636b6c655f7375626d6f64756c6573945d948c0b5f5f676c6f62616c735f5f947d947586948652302e\"\n  },\n  \"custom_trial_name\": null,\n  \"custom_dirname\": \"my_prefix_trainable_74d716e2\",\n  \"experiment_dir_name\": \"tune_SRL_NEG_04_08_17-05-2023_22-22-08\",\n  \"saving_to\": null,\n  \"sync_config\": {\n    \"_type\": \"CLOUDPICKLE_FALLBACK\",\n    \"value\": \"80059581000000000000008c0f7261792e74756e652e73796e636572948c0a53796e63436f6e6669679493942981947d94288c0a75706c6f61645f646972944e8c0673796e636572948c046175746f948c1273796e635f6f6e5f636865636b706f696e7494888c0b73796e635f706572696f64944d2c018c0c73796e635f74696d656f7574944d080775622e\"\n  },\n  \"custom_syncer\": null,\n  \"checkpoint_config\": {\n    \"_type\": \"CLOUDPICKLE_FALLBACK\",\n    \"value\": \"800595b0000000000000008c0e7261792e6169722e636f6e666967948c10436865636b706f696e74436f6e6669679493942981947d94288c0b6e756d5f746f5f6b656570944b058c1a636865636b706f696e745f73636f72655f617474726962757465948c046c6f7373948c16636865636b706f696e745f73636f72655f6f72646572948c036d696e948c14636865636b706f696e745f6672657175656e6379944b008c11636865636b706f696e745f61745f656e64948975622e\"\n  },\n  \"checkpoint_manager\": {\n    \"_type\": \"CLOUDPICKLE_FALLBACK\",\n    \"value\": \"8005957a020000000000008c257261792e74756e652e657865637574696f6e2e636865636b706f696e745f6d616e61676572948c125f436865636b706f696e744d616e616765729493942981947d94288c145f636865636b706f696e745f7374726174656779948c0e7261792e6169722e636f6e666967948c10436865636b706f696e74436f6e6669679493942981947d94288c0b6e756d5f746f5f6b656570944b058c1a636865636b706f696e745f73636f72655f617474726962757465948c046c6f7373948c16636865636b706f696e745f73636f72655f6f72646572948c036d696e948c14636865636b706f696e745f6672657175656e6379944b008c11636865636b706f696e745f61745f656e64948975628c155f6c61746573745f636865636b706f696e745f6964944b008c1a5f746f705f7065727369737465645f636865636b706f696e7473945d948c1a5f626573745f7065727369737465645f636865636b706f696e74944e8c1c5f6c61746573745f7065727369737465645f636865636b706f696e74944e8c195f6c61746573745f6d656d6f72795f636865636b706f696e74944e8c185f636865636b706f696e74735f746f5f636c65616e5f7570948f948c195f6e65776573745f6d656d6f72795f636865636b706f696e74948c247261792e6169722e5f696e7465726e616c2e636865636b706f696e745f6d616e61676572948c125f547261636b6564436865636b706f696e749493942981947d94288c0b6469725f6f725f64617461944e8c026964944e8c0c73746f726167655f6d6f646594681b8c11436865636b706f696e7453746f726167659493944b01859452948c076d657472696373947d948c076e6f64655f6970944e756275622e\"\n  },\n  \"restore_path\": null,\n  \"restoring_from\": null,\n  \"num_failures\": 0,\n  \"num_restore_failures\": 0,\n  \"results\": \"80054e2e\",\n  \"best_result\": \"80054e2e\",\n  \"param_config\": \"80054e2e\",\n  \"extra_arg\": \"80054e2e\",\n  \"_state_json\": null,\n  \"_state_valid\": false,\n  \"__relative_checkpoint_dirs\": []\n}"
  ],
  "runner_data": {
    "_insufficient_resources_manager": {
      "_type": "CLOUDPICKLE_FALLBACK",
      "value": "80059596000000000000008c317261792e74756e652e657865637574696f6e2e696e73756666696369656e745f7265736f75726365735f6d616e61676572948c1d5f496e73756666696369656e745265736f75726365734d616e616765729493942981947d94288c185f6e6f5f72756e6e696e675f747269616c735f73696e6365944affffffff8c0f5f6c6173745f747269616c5f6e756d944affffffff75622e"
    },
    "_max_pending_trials": 1,
    "_metric": null,
    "_total_time": 0,
    "_iteration": 0,
    "_has_errored": false,
    "_fail_fast": false,
    "_print_trial_errors": true,
    "_server_port": null,
    "_cached_trial_decisions": {},
    "_queued_trial_decisions": {},
    "_should_stop_experiment": false,
    "_local_checkpoint_dir": "C:\\codes\\srl_informer\\ray_tune\\tune_SRL_NEG_04_08_17-05-2023_22-22-08",
    "_remote_checkpoint_dir": null,
    "_stopper": {
      "_type": "CLOUDPICKLE_FALLBACK",
      "value": "8005952c000000000000008c157261792e74756e652e73746f707065722e6e6f6f70948c0b4e6f6f7053746f707065729493942981942e"
    },
    "_resumed": false,
    "_start_time": 1684354939.012547,
    "_last_checkpoint_time": -Infinity,
    "_session_str": "2023-05-17_22-22-19",
    "checkpoint_file": "C:\\codes\\srl_informer\\ray_tune\\tune_SRL_NEG_04_08_17-05-2023_22-22-08\\experiment_state-2023-05-17_22-22-19.json",
    "_checkpoint_period": "auto",
    "_trial_checkpoint_config": {
      "_type": "CLOUDPICKLE_FALLBACK",