{
  "batch_size": 4,
  "d_layers": 1,
  "d_model": 1024,
  "e_layers": 4,
  "label_seq_len_ratio": 0.7250000000000001,
  "learning_rate": 4.962873750433618e-05,
  "linex_weight": 2.65,
  "n_heads": 16,
  "seq_len": 84,
  "train_epochs": 9
}