{
  "batch_size": 16,
  "d_layers": 2,
  "d_model": 256,
  "e_layers": 4,
  "label_seq_len_ratio": 0.65,
  "learning_rate": 2.1687273274888742e-05,
  "linlin_weight": 0.15000000000000002,
  "n_heads": 32,
  "seq_len": 112,
  "train_epochs": 8
}