{
  "batch_size": 4,
  "d_layers": 2,
  "d_model": 128,
  "e_layers": 4,
  "label_seq_len_ratio": 0.47500000000000003,
  "learning_rate": 0.00020155540731305854,
  "n_heads": 8,
  "seq_len": 56,
  "train_epochs": 12
}