{
  "batch_size": 4,
  "d_layers": 3,
  "d_model": 128,
  "e_layers": 3,
  "label_seq_len_ratio": 0.6000000000000001,
  "learning_rate": 0.0001995666264372024,
  "linex_weight": 0.9,
  "n_heads": 24,
  "seq_len": 112,
  "train_epochs": 9
}