{
  "batch_size": 8,
  "d_layers": 2,
  "d_model": 128,
  "e_layers": 6,
  "label_seq_len_ratio": 0.45,
  "learning_rate": 0.0009863952175867853,
  "linex_weight": 2.7649999999999997,
  "n_heads": 16,
  "seq_len": 56,
  "train_epochs": 12
}