{
  "batch_size": 8,
  "d_layers": 3,
  "d_model": 128,
  "e_layers": 5,
  "label_seq_len_ratio": 0.5750000000000001,
  "learning_rate": 0.000809238485509498,
  "n_heads": 12,
  "seq_len": 56,
  "train_epochs": 13
}