{
  "batch_size": 4,
  "d_layers": 1,
  "d_model": 512,
  "e_layers": 3,
  "label_seq_len_ratio": 0.525,
  "learning_rate": 1.5007096449250629e-05,
  "linex_weight": 1.4100000000000001,
  "n_heads": 4,
  "seq_len": 84,
  "train_epochs": 8
}