{
  "batch_size": 4,
  "d_layers": 1,
  "d_model": 128,
  "e_layers": 4,
  "label_seq_len_ratio": 0.7000000000000001,
  "learning_rate": 0.0003174250476479035,
  "linlin_weight": 0.05,
  "n_heads": 8,
  "seq_len": 84,
  "train_epochs": 8
}