{
  "batch_size": 16,
  "d_layers": 2,
  "d_model": 512,
  "e_layers": 4,
  "label_seq_len_ratio": 0.6000000000000001,
  "learning_rate": 0.0018007841009923392,
  "n_heads": 8,
  "seq_len": 56,
  "train_epochs": 10
}