{
  "batch_size": 4,
  "d_layers": 3,
  "d_model": 1024,
  "e_layers": 5,
  "label_seq_len_ratio": 0.5750000000000001,
  "learning_rate": 0.00027807731751754644,
  "n_heads": 12,
  "seq_len": 70,
  "train_epochs": 7,
  "w_rmse_weight": 1.1
}